name;surname;adress;city;mobile;email
Rosario Giorgio;Piscitelli;via Acciarini;Gotham;8867627689;RosarioGiorgio.Piscitelli@email.euris
Nadia;Senese;via Antonione;Gotham;8887782012;Nadia.Senese@email.euris
Fosco;Maggi;via Basile;Gotham;8469954792;Fosco.Maggi@email.euris
Rossana;Mazzuconi;via Bosi;Gotham;8417678500;Rossana.Mazzuconi@email.euris
Doriano;Pezzopane;via Bossi;Gotham;8864884040;Doriano.Pezzopane@email.euris
Ludovico;De Angelis;via Bucciarelli;Gotham;8888298140;Ludovico.DeAngelis@email.euris
Maria Chiara;Garnero Santanche';via Buttiglione;Gotham;8848082867;MariaChiara.GarneroSantanche'@email.euris
Donella;Orru';via Calabro';Gotham;8855818276;Donella.Orru'@email.euris
Leonzio;Rusconi;via Carofiglio;Gotham;8850688514;Leonzio.Rusconi@email.euris
Magda;Chincarini;via Castiglione;Gotham;8851987111;Magda.Chincarini@email.euris
Nando;Bucciarelli;via Chincarini;Gotham;8840946865;Nando.Bucciarelli@email.euris
Vincenzo Maria;Granaiola;via Cirami;Gotham;8457288149;VincenzoMaria.Granaiola@email.euris
Antonella;Bossi;via Corbetta;Gotham;8459224060;Antonella.Bossi@email.euris
Francesca Maria;Cusimano;via Cuffaro;Gotham;8414480985;FrancescaMaria.Cusimano@email.euris
Clemente;Stucchi;via Cusimano;Gotham;8487174502;Clemente.Stucchi@email.euris
Gennaro;Castiglione;via Davico;Gotham;8429582912;Gennaro.Castiglione@email.euris
Nazario;Cirami;via De Angelis;Gotham;8858551442;Nazario.Cirami@email.euris
Gianni Pietro;Paganella;via Del Pennino;Gotham;8404620589;GianniPietro.Paganella@email.euris
Mauro Maria;D'onofrio;via Dell'utri;Gotham;8859289988;MauroMaria.D'onofrio@email.euris
Raffaela;Del Pennino;via D'onofrio;Gotham;8889405854;Raffaela.DelPennino@email.euris
Angelo Michele;Carofiglio;via Drago;Gotham;8452240125;AngeloMichele.Carofiglio@email.euris
Jose' Luiz;Stancanelli;via Faggi;Gotham;8488885904;Jose'Luiz.Stancanelli@email.euris
Patrizia;Drago;via Fosson;Gotham;8887654994;Patrizia.Drago@email.euris
Alessandra;Faggi;via Garnero Santanche';Gotham;8482485216;Alessandra.Faggi@email.euris
Antonio Stefano;Antonione;via Gasbarri;Gotham;8880808141;AntonioStefano.Antonione@email.euris
Pierantonio;Tomassini;via Granaiola;Gotham;8497888848;Pierantonio.Tomassini@email.euris
Michela;Dell'utri;via Labellarte;Gotham;8497200488;Michela.Dell'utri@email.euris
Mauro;Bosi;via Ladu;Gotham;8464294604;Mauro.Bosi@email.euris
Ignazio;Legnini;via Legnini;Gotham;8855559086;Ignazio.Legnini@email.euris
Lucio Alessio;Davico;via Legnini;Gotham;8456869615;LucioAlessio.Davico@email.euris
Francesco Enrico;Legnini;via Maccanico;Gotham;8424828711;FrancescoEnrico.Legnini@email.euris
Bianca Laura;Scilipoti Isgro';via Maggi;Gotham;8482882589;BiancaLaura.ScilipotiIsgro'@email.euris
Maria Rosaria;Stiffoni;via Maritati;Gotham;8479444749;MariaRosaria.Stiffoni@email.euris
Leonardo;Modica;via Mazzuconi;Gotham;8480448688;Leonardo.Modica@email.euris
Rossano;Meluzzi;via Meluzzi;Gotham;8441599460;Rossano.Meluzzi@email.euris
Elvio;Buttiglione;via Modica;Gotham;8458802189;Elvio.Buttiglione@email.euris
Daisy;Piarulli;via Orru';Gotham;8842028976;Daisy.Piarulli@email.euris
Maria Cecilia;Rotondi;via Paganella;Gotham;8478578514;MariaCecilia.Rotondi@email.euris
Gaetano;Gasbarri;via Pezzopane;Gotham;8484889857;Gaetano.Gasbarri@email.euris
Josefa;Corbetta;via Piarulli;Gotham;8887285411;Josefa.Corbetta@email.euris
Gaetano;Acciarini;via Piscitelli;Gotham;8417467240;Gaetano.Acciarini@email.euris
Erminia;Basile;via Rotondi;Gotham;8849878847;Erminia.Basile@email.euris
Agazio;Labellarte;via Rusconi;Gotham;8888967907;Agazio.Labellarte@email.euris
Melchiorre;Cuffaro;via Scarpa Bonazza Buora;Gotham;8446815624;Melchiorre.Cuffaro@email.euris
Federico;Maritati;via Scilipoti Isgro';Gotham;8864141577;Federico.Maritati@email.euris
Ettore Antonio;Scarpa Bonazza Buora;via Senese;Gotham;8470688594;EttoreAntonio.ScarpaBonazzaBuora@email.euris
Roberto;Calabro';via Stancanelli;Gotham;8850808588;Roberto.Calabro'@email.euris
Lodovico;Maccanico;via Stiffoni;Gotham;8454918076;Lodovico.Maccanico@email.euris
Accursio;Ladu;via Stucchi;Gotham;8480406826;Accursio.Ladu@email.euris
Gaetano Antonio;Fosson;via Tomassini;Gotham;8415547529;GaetanoAntonio.Fosson@email.euris
